Date,AAPL,AMZN,GOOGL,JNJ,JPM,MSFT,TSLA
2022-01-04,9873.08,9830.84,9959.17,9973.18,10379.1,9828.53,9581.67
2022-01-05,9610.46,9645.11,9502.28,10039.64,10189.35,9451.23,9069.33
2022-01-06,9450.03,9580.38,9500.38,10005.25,10297.6,9376.55,8874.13
2022-01-07,9459.37,9539.3,9450.0,10140.49,10399.63,9381.33,8559.57
2022-01-10,9460.47,9476.63,9563.97,10090.36,10409.58,9388.2,8819.28
2022-01-11,9619.25,9704.09,9637.53,9983.1,10420.16,9409.41,8871.63
2022-01-12,9643.98,9694.99,9754.4,9897.98,10479.26,9507.69,9220.19
2022-01-13,9460.47,9460.67,9558.28,9837.94,10466.2,9105.3,8597.91
2022-01-14,9508.82,9514.89,9619.91,9784.31,9822.91,9266.62,8748.35
2022-01-18,9329.16,9325.9,9379.72,9741.17,9411.05,9041.07,8589.16
2022-01-19,9133.02,9172.23,9318.92,9710.86,9265.47,9061.39,8298.6
2022-01-20,9038.51,8900.44,9194.16,9633.32,9186.46,9009.71,8303.77
2022-01-21,8923.14,8370.85,8990.28,9611.17,9025.95,8843.32,7867.28
2022-01-24,8879.73,8482.41,9021.49,9500.41,9017.87,8853.47,7751.42
2022-01-25,8778.64,8214.92,8754.65,9772.07,9116.16,8618.07,7654.74
2022-01-26,8773.69,8149.58,8913.14,9815.79,9202.64,8863.63,7813.18
2022-01-27,8747.87,8194.47,8897.42,9944.62,9040.26,8957.13,6910.43
2022-01-28,9358.28,8449.19,9197.16,10014.58,9121.14,9208.66,7054.21
2022-01-31,9602.77,8777.56,9331.82,10043.72,9244.95,9289.92,7807.43
2022-02-01,9593.43,8872.62,9493.25,9961.53,9403.59,9223.6,7761.84
2022-02-02,9661.01,8838.53,10207.49,10071.71,9328.31,9364.0,7548.55
2022-02-03,9499.48,8148.0,9868.85,10071.12,9251.16,8999.25,7427.53
2022-02-04,9483.52,9250.9,9882.85,10005.25,9491.31,9139.36,7695.74
2022-02-07,9443.37,9268.27,9600.63,9972.02,9523.04,8990.29,7562.55
2022-02-08,9617.75,9472.37,9614.29,9998.25,9702.22,9098.13,7684.74
2022-02-09,9697.52,9459.23,9765.54,9997.09,9742.65,9296.79,7768.09
2022-02-10,9468.67,9330.94,9560.56,9876.41,9702.22,9033.01,7539.3
2022-02-11,9277.23,8995.86,9261.41,9776.73,9575.92,8813.74,7167.98
2022-02-14,9290.43,9105.8,9347.17,9653.73,9486.96,8812.55,7299.34
2022-02-15,9505.53,9184.65,9421.83,9753.41,9625.69,8975.95,7688.33
2022-02-16,9492.33,9277.95,9499.73,9747.58,9643.11,8965.47,7696.33
2022-02-17,9290.43,9075.61,9141.15,9688.12,9421.01,8702.95,7304.26
2022-02-18,9203.52,8955.25,8993.84,9584.27,9465.18,8619.13,7142.81
2022-02-22,9039.58,8814.17,8953.18,9454.03,9448.38,8612.84,6847.34
2022-02-23,8805.78,8499.01,8799.69,9458.72,9250.54,8389.83,6368.17
2022-02-24,8952.66,8882.28,9151.64,9278.02,8992.98,8818.49,6674.31
2022-02-25,9068.73,9024.91,9273.61,9739.16,9205.75,8899.92,6750.15
2022-02-28,9083.59,9011.68,9314.82,9655.27,8821.89,8944.22,7254.91
2022-03-01,8977.97,8869.6,9246.16,9621.82,8489.05,8829.27,7204.4
2022-03-02,9162.81,8923.03,9281.34,9741.51,8665.11,8986.13,7333.76
2022-03-03,9144.65,8679.26,9234.99,9884.66,8603.52,8858.31,6995.37
2022-03-04,8976.31,8546.78,9097.53,9943.33,8361.51,8676.9,6987.03
2022-03-07,8763.42,8066.28,8716.27,10103.5,8038.62,8349.12,6706.06
2022-03-08,8661.1,7981.86,8766.34,9898.75,7982.01,8257.52,6871.26
2022-03-09,8964.21,8173.44,9201.92,9936.3,8301.79,8636.19,7159.4
2022-03-10,8720.51,8615.82,9133.6,9953.9,8203.49,8549.08,6987.11
2022-03-11,8512.01,8539.95,8957.11,9935.71,8018.71,8383.84,6629.13
2022-03-14,8285.91,8324.49,8686.78,10072.99,8098.35,8275.18,6387.59
2022-03-15,8531.82,8648.04,8910.73,10334.07,8242.06,8595.78,6683.64
2022-03-16,8779.37,8984.74,9192.3,10239.03,8610.36,8812.51,7003.2
2022-03-17,8836.03,9227.4,9230.82,10372.8,8719.24,8837.35,7264.66
2022-03-18,9020.88,9462.81,9388.52,10257.8,8716.13,8993.31,7546.3
2022-03-21,9097.89,9476.95,9386.86,10315.89,8688.13,8955.3,7677.74
2022-03-22,9287.13,9676.33,9646.63,10267.19,8872.91,9101.98,8284.69
2022-03-23,9363.6,9589.42,9536.8,10228.47,8696.22,8965.17,8327.44
2022-03-24,9575.95,9603.59,9764.16,10281.27,8752.83,9103.17,8450.88
2022-03-25,9611.7,9669.55,9771.12,10379.83,8829.36,9090.6,8423.54
2022-03-28,9660.12,9917.02,9756.12,10433.23,8764.03,9300.74,9100.33
2022-03-29,9844.96,9936.06,9828.54,10427.95,8783.32,9441.74,9164.76
2022-03-30,9779.49,9759.19,9789.44,10536.48,8743.5,9395.34,9118.25
2022-03-31,9605.65,9565.33,9591.42,10398.02,8480.96,9229.2,8981.65
2022-04-01,9589.15,9598.34,9666.12,10454.34,8418.13,9262.43,9039.91
2022-04-04,9816.35,9879.23,9860.68,10353.44,8455.45,9428.57,9547.17
2022-04-05,9630.41,9627.39,9696.5,10420.32,8357.05,9306.13,9095.5
2022-04-06,9452.72,9316.42,9417.65,10691.37,8241.11,8965.47,8716.26
2022-04-07,9469.77,9259.41,9372.17,10663.8,8216.03,9021.45,8812.12
2022-04-08,9357.0,9064.34,9192.78,10684.92,8366.46,8889.74,8547.32
2022-04-11,9118.24,8868.43,8884.9,10551.15,8335.75,8539.2,8134.24
2022-04-12,9223.32,8848.8,8808.41,10554.67,8244.24,8443.41,8226.09
2022-04-13,9374.05,9127.75,8958.73,10599.26,7978.5,8609.85,8521.31
2022-04-14,9092.94,8902.73,8740.51,10554.67,7904.54,8376.66,8209.84
2022-04-18,9080.84,8966.02,8805.79,10423.25,8051.2,8397.31,8370.62
2022-04-19,9209.01,9278.83,8966.66,10741.24,8217.92,8540.4,8569.49
2022-04-20,9199.66,9037.2,8830.86,10788.76,8246.75,8572.13,8144.83
2022-04-21,9155.1,8702.59,8608.4,10757.67,8182.82,8405.99,8408.04
2022-04-22,8900.4,8471.02,8251.21,10650.89,7947.79,8203.03,8376.95
2022-04-25,8960.36,8572.19,8488.36,10913.14,7945.28,8403.3,8318.36
2022-04-26,8625.89,8180.01,8183.24,10835.11,7710.25,8088.98,7304.84
2022-04-27,8613.24,8108.18,7882.84,10683.74,7609.97,8478.14,7347.26
2022-04-28,9002.17,8485.49,8174.44,10763.54,7730.31,8670.02,7313.92
2022-04-29,8672.65,7293.32,7870.08,10587.53,7480.86,8307.51,7257.66
2022-05-02,8689.7,7306.15,8040.68,10480.75,7549.18,8515.55,7525.88
2022-05-03,8773.32,7291.68,8092.47,10460.21,7710.88,8435.03,7578.47
2022-05-04,9133.1,7389.98,8432.29,10572.27,7965.96,8680.5,7939.96
2022-05-05,8624.24,6831.22,8035.33,10370.45,7766.66,8302.42,7278.67
2022-05-06,8665.01,6735.3,7982.98,10347.57,7754.12,8223.99,7215.07
2022-05-09,8377.42,6384.16,7759.83,10403.89,7637.55,7920.15,6560.45
2022-05-10,8512.4,6388.27,7889.77,10389.81,7451.4,8067.43,6668.22
2022-05-11,8071.11,6183.64,7835.11,10333.49,7404.4,7799.51,6117.79
2022-05-12,7854.04,6275.1,7782.8,10435.57,7398.13,7643.85,6067.78
2022-05-13,8104.71,6634.51,8003.95,10375.73,7463.94,7816.58,6414.43
2022-05-16,8018.22,6502.79,7893.22,10447.89,7411.92,7827.95,6037.52
2022-05-17,8222.06,6770.27,8033.09,10491.31,7657.6,7987.21,6347.91
2022-05-18,7758.18,6285.78,7717.66,10296.53,7526.61,7623.55,5916.17
2022-05-19,7567.01,6297.9,7613.14,10205.0,7415.05,7595.35,5912.92
2022-05-20,7580.23,6313.86,7511.34,10383.35,7354.26,7577.94,5533.51
2022-05-23,7884.34,6311.86,7689.28,10595.33,7809.28,7820.68,5625.2
2022-05-24,7732.83,6108.99,7308.7,10711.06,7919.58,7789.78,5235.63
2022-05-25,7741.65,6265.97,7297.32,10605.96,7974.74,7876.79,5491.01
2022-05-26,7921.25,6518.46,7434.4,10596.51,8112.62,7978.2,5898.83
2022-05-27,8244.1,6757.25,7746.42,10692.76,8227.32,8198.44,6331.41
2022-05-31,8200.02,7054.36,7846.11,10600.65,8287.48,8157.33,6319.99
2022-06-01,8192.86,7140.89,7855.08,10493.18,8142.08,8173.83,6170.88
2022-06-02,8330.59,7365.47,8112.37,10460.12,8273.07,8238.64,6459.52
2022-06-03,8009.4,7179.97,7899.84,10417.01,8157.75,8101.82,5863.99
2022-06-06,8051.27,7323.16,8057.06,10415.83,8130.8,8063.72,5958.09
2022-06-07,8192.86,7218.12,8079.75,10530.38,8152.11,8176.24,5973.26
2022-06-08,8151.54,7111.31,8082.82,10467.79,8022.37,8113.52,6047.78
2022-06-09,7858.45,6816.13,7920.15,10257.0,7853.78,7944.9,5993.77
2022-06-10,7554.89,6434.69,7666.76,10188.5,7492.77,7590.85,5806.81
2022-06-13,7265.65,6083.76,7337.84,10085.76,7269.65,7268.9,5394.41
2022-06-14,7314.13,6003.95,7360.12,9931.06,7148.68,7335.81,5523.26
2022-06-15,7461.23,6318.5,7570.41,10037.34,7233.3,7553.94,5826.07
2022-06-16,7165.38,6083.17,7313.08,10042.66,7109.2,7350.21,5328.48
2022-06-17,7248.02,6233.4,7389.64,10006.05,7084.13,7430.62,5419.99
2022-06-21,7485.47,6377.77,7693.14,10215.66,7259.62,7613.35,5927.0
2022-06-22,7456.82,6393.61,7689.24,10376.86,7218.88,7595.05,5903.25
2022-06-23,7617.69,6598.42,7741.28,10608.32,7139.91,7766.97,5877.83
2022-06-24,7804.46,6834.33,8136.68,10763.62,7353.0,8032.21,6143.79
2022-06-27,7804.46,6644.19,7988.99,10753.58,7294.09,7947.9,6124.12
2022-06-28,7571.96,6302.65,7725.11,10447.72,7258.99,7695.56,5817.65
2022-06-29,7670.58,6391.85,7704.0,10450.67,7226.4,7808.98,5713.3
2022-06-30,7532.3,6232.82,7515.13,10481.37,7057.81,7706.06,5612.86
2022-07-01,7654.05,6429.41,7499.58,10600.06,7148.06,7788.58,5682.63
2022-07-05,7798.95,6660.62,7811.7,10518.57,7120.87,7886.69,5827.74
2022-07-06,7873.87,6709.33,7901.98,10528.02,7074.71,7987.5,5794.4
2022-07-07,8062.84,6826.7,8192.41,10539.83,7253.65,8053.22,6114.7
2022-07-08,8100.85,6780.34,8231.76,10526.84,7230.89,8031.01,6270.23
2022-07-11,7981.3,6557.93,7978.16,10530.97,7136.04,7936.5,5859.66
2022-07-12,8035.85,6409.46,7863.94,10383.36,7143.0,7611.25,5827.82
2022-07-13,8015.46,6478.7,7680.0,10359.15,7075.98,7582.74,5927.09
2022-07-14,8179.64,6492.2,7612.0,10373.32,6828.75,7623.55,5958.93
2022-07-15,8273.3,6663.56,7709.24,10523.89,7141.74,7702.76,6002.77
2022-07-18,8102.51,6675.88,7519.75,10287.7,7068.39,7628.65,6014.77
2022-07-19,8319.02,6937.02,7849.43,10137.72,7243.53,7787.07,6139.38
2022-07-20,8431.41,7204.62,7855.63,10079.86,7242.27,7869.29,6188.63
2022-07-21,8558.68,7313.77,7885.98,10115.28,7291.59,7946.4,6793.91
2022-07-22,8489.26,7184.08,7441.82,10163.11,7256.18,7811.98,6807.33
2022-07-25,8426.46,7108.97,7414.92,10183.19,7285.26,7766.07,6712.06
2022-07-26,8352.08,6737.5,7243.18,10255.22,7171.45,7558.14,6472.69
2022-07-27,8638.01,7098.99,7797.7,10226.88,7286.53,8063.42,6871.76
2022-07-28,8668.86,7175.87,7877.7,10285.93,7259.34,8293.55,7023.79
2022-07-29,8953.14,7919.39,8022.54,10304.82,7294.12,8423.47,7430.11
2022-08-01,8898.05,7945.21,7921.84,10268.81,7221.4,8341.56,7433.28
2022-08-02,8815.41,7873.03,7940.46,10210.35,7108.86,8245.85,7516.04
2022-08-03,9152.58,8187.58,8143.92,10308.96,7183.47,8475.38,7686.33
2022-08-04,9134.95,8366.56,8151.51,10143.63,7104.43,8510.78,7717.25
2022-08-05,9122.26,8262.69,8101.85,10103.47,7319.41,8488.58,7205.57
2022-08-08,9095.78,8181.12,8090.13,10049.74,7230.26,8410.87,7261.91
2022-08-09,9098.54,8088.4,8043.92,10048.56,7295.38,8470.28,7084.63
2022-08-10,9336.87,8373.61,8255.66,10077.49,7485.7,8676.11,7360.27
2022-08-11,9295.49,8253.3,8196.34,9869.06,7596.35,8611.9,7167.06
2022-08-12,9494.65,8424.07,8392.22,9760.41,7722.18,8758.62,7502.13
2022-08-15,9554.79,8402.36,8419.8,9807.06,7743.04,8805.43,7734.42
2022-08-16,9545.96,8496.25,8393.59,9894.45,7817.02,8782.63,7665.49
2022-08-17,9629.82,8338.98,8245.31,9895.04,7751.27,8759.47,7601.31
2022-08-18,9607.75,8350.72,8288.07,9847.21,7691.2,8724.89,7573.14
2022-08-19,9462.65,8111.87,8083.92,9997.19,7500.88,8604.02,7418.03
2022-08-22,9244.74,7817.87,7879.08,9962.12,7376.95,8351.45,7249.16
2022-08-23,9225.97,7841.34,7852.87,9875.33,7304.23,8312.06,7412.69
2022-08-24,9242.53,7851.91,7841.15,9842.64,7321.94,8292.51,7428.78
2022-08-25,9380.45,8056.13,8045.3,9934.78,7495.82,8384.52,7403.11
2022-08-26,9026.82,7672.92,7610.1,9764.77,7250.49,8060.99,7203.57
2022-08-29,8903.24,7616.58,7546.65,9689.27,7232.78,7974.99,7121.81
2022-08-30,8766.97,7554.38,7513.54,9655.39,7234.05,7907.04,6943.77
2022-08-31,8673.73,7439.36,7463.89,9590.6,7191.05,7861.94,6891.51
2022-09-01,8714.56,7500.98,7568.72,9828.37,7240.37,7829.76,6930.27
2022-09-02,8595.94,7482.78,7438.37,9673.82,7189.79,7699.27,6756.49
2022-09-06,8525.33,7400.63,7366.64,9699.98,7191.69,7614.78,6861.76
2022-09-07,8604.22,7598.39,7548.72,9752.88,7328.26,7760.3,7093.8
2022-09-08,8521.47,7618.34,7474.92,9831.35,7498.98,7773.23,7232.83
2022-09-09,8682.01,7820.8,7631.48,9850.37,7535.02,7951.84,7493.37
2022-09-12,9016.33,8007.42,7645.96,9846.2,7624.17,8017.69,7611.9
2022-09-13,8487.26,7442.29,7194.9,9590.0,7359.24,7576.89,7304.59
2022-09-14,8568.36,7543.82,7241.8,9787.95,7342.17,7583.81,7566.64
2022-09-15,8406.16,7410.6,7097.66,9812.92,7452.82,7378.14,7595.14
2022-09-16,8314.03,7249.22,7090.07,9962.72,7402.87,7358.9,7585.14
2022-09-19,8522.57,7315.53,7108.69,9884.25,7471.16,7352.28,7728.17
2022-09-20,8656.08,7170.59,6975.58,9806.38,7323.84,7290.04,7719.67
2022-09-21,8480.64,6956.39,6847.3,9705.92,7112.65,7184.8,7521.38
2022-09-22,8426.57,6884.21,6906.61,9878.3,7031.72,7245.84,7216.07
2022-09-23,8299.13,6677.05,6810.05,9910.4,6900.83,7153.83,6884.51
2022-09-26,8317.89,6757.45,6770.74,9849.77,6752.24,7139.7,6901.52
2022-09-27,8372.51,6714.02,6724.53,9804.6,6692.81,7108.43,7074.8
2022-09-28,8266.58,6925.29,6900.41,9889.0,6828.12,7248.55,7196.57
2022-09-29,7860.53,6736.91,6719.01,9780.22,6712.41,7141.2,6706.48
2022-09-30,7624.41,6631.28,6596.94,9710.67,6607.45,7002.89,6632.47
2022-10-03,7858.88,6800.29,6803.16,9701.16,6811.68,7238.62,6061.11
2022-10-04,8060.25,7106.03,7010.07,9845.01,7130.35,7483.38,6237.14
2022-10-05,8076.8,7097.82,6995.58,9814.7,7042.32,7493.0,6021.35
2022-10-06,8023.29,7059.67,6994.89,9624.48,6898.78,7420.54,5954.34
2022-10-07,7728.68,6722.83,6805.92,9522.83,6760.98,7043.18,5577.77
2022-10-10,7746.89,6670.6,6749.36,9535.32,6697.82,6893.14,5575.02
2022-10-11,7667.44,6584.92,6702.46,9673.23,6504.53,6777.68,5413.49
2022-10-12,7632.13,6625.41,6728.67,9670.85,6609.79,6787.9,5432.0
2022-10-13,7888.67,6603.7,6832.12,9817.08,6977.25,7043.18,5544.02
2022-10-14,7634.34,6273.31,6659.7,9776.06,7093.35,6872.39,5125.69
2022-10-17,7856.67,6677.64,6894.89,9902.67,7391.28,7142.1,5484.76
2022-10-18,7930.6,6828.46,6950.06,9868.2,7581.38,7171.27,5505.76
2022-10-19,7936.67,6752.76,6871.44,9789.73,7432.74,7110.53,5552.02
2022-10-20,7910.74,6763.32,6894.89,9814.7,7408.5,7100.61,5182.95
2022-10-21,8124.8,7002.16,6974.89,10028.7,7797.65,7280.12,5361.98
2022-10-24,8245.06,7031.5,7070.76,10163.63,7807.22,7434.37,5282.22
2022-10-25,8404.51,7077.28,7205.94,10147.58,7827.63,7536.9,5561.52
2022-10-26,8239.55,6787.38,6547.28,10236.75,7917.58,6955.38,5617.03
2022-10-27,7988.53,6511.57,6360.37,10242.69,7948.84,6817.97,5628.28
2022-10-28,8592.08,6068.5,6641.08,10394.87,8043.26,7092.19,5714.05
2022-10-31,8459.67,6011.58,6518.31,10341.37,8030.5,6979.74,5689.54
2022-11-01,8311.27,5680.01,6239.68,10289.06,8175.31,6860.66,5696.54
2022-11-02,8001.22,5405.96,5998.28,10130.94,8100.04,6618.01,5375.49
2022-11-03,7661.93,5240.47,5754.13,10148.18,8114.71,6442.11,5383.74
2022-11-04,7647.01,5339.06,5971.38,10193.35,8336.72,6656.8,5187.7
2022-11-07,7676.85,5312.65,6103.12,10282.52,8380.74,6851.64,4927.9
2022-11-08,7708.9,5280.38,6131.39,10333.64,8385.84,6881.71,4783.38
2022-11-09,7453.04,5055.03,6022.42,10251.01,8276.75,6750.61,4440.56
2022-11-10,8116.17,5670.62,6479.0,10371.09,8617.41,7305.97,4768.87
2022-11-11,8272.56,5914.75,6649.35,10060.8,8631.45,7430.16,4900.15
2022-11-14,8194.09,5779.78,6600.39,10218.92,8542.77,7262.98,4774.63
2022-11-15,8291.35,5806.19,6789.36,10247.45,8480.89,7275.61,4861.39
2022-11-16,8222.27,5699.38,6817.64,10311.06,8492.37,7288.87,4673.86
2022-11-17,8328.92,5566.17,6783.85,10394.27,8455.37,7287.37,4580.09
2022-11-18,8360.42,5524.5,6719.7,10473.93,8538.31,7273.5,4505.58
2022-11-21,8179.17,5425.91,6593.49,10527.77,8487.91,7298.52,4197.52
2022-11-22,8299.08,5469.34,6693.5,10578.63,8614.86,7388.38,4248.53
2022-11-23,8348.27,5523.92,6790.74,10589.99,8706.72,7465.27,4580.84
2022-11-25,8184.69,5481.66,6721.77,10603.75,8723.31,7462.55,4572.34
2022-11-28,7969.73,5513.35,6624.53,10609.14,8570.84,7289.78,4573.84
2022-11-29,7801.18,5423.57,6565.21,10534.95,8711.83,7246.66,4521.58
2022-11-30,8180.27,5665.34,6965.24,10649.22,8815.18,7693.22,4868.39
2022-12-01,8195.75,5604.31,6965.24,10693.49,8691.41,7679.66,4868.39
2022-12-02,8168.12,5523.92,6927.3,10701.87,8622.52,7689.61,4872.39
2022-12-05,8102.91,5340.82,6861.09,10695.89,8380.74,7544.27,4562.09
2022-12-06,7897.34,5178.85,6688.67,10535.55,8394.77,7391.09,4496.32
2022-12-07,7788.47,5191.18,6547.97,10599.56,8389.03,7368.48,4351.8
2022-12-08,7882.97,5302.09,6463.14,10601.36,8477.06,7459.84,4336.8
2022-12-09,7855.89,5228.15,6402.44,10514.01,8431.13,7400.14,4477.07
2022-12-12,7984.65,5313.83,6435.55,10639.65,8561.91,7613.92,4196.27
2022-12-13,8038.8,5427.67,6595.56,10721.61,8553.62,7746.9,4024.49
2022-12-14,7913.92,5374.27,6556.94,10754.52,8510.88,7755.94,3920.72
2022-12-15,7543.11,5190.59,6266.57,10618.71,8299.71,7508.39,3942.47
2022-12-16,7433.14,5155.97,6225.19,10509.82,8248.04,7378.13,3756.44
2022-12-19,7314.89,4983.44,6099.67,10498.46,8297.16,7250.28,3747.44
2022-12-20,7311.02,4999.28,6139.67,10509.82,8337.35,7290.98,3445.63
2022-12-21,7485.09,5092.0,6178.29,10630.08,8431.13,7370.29,3439.88
2022-12-22,7307.15,4917.12,6052.77,10591.19,8335.44,7182.13,3134.32
2022-12-23,7286.7,5002.8,6154.15,10618.11,8374.99,7198.42,3079.31
2022-12-27,7185.58,4873.11,6027.25,10615.12,8404.34,7145.04,2728.0
2022-12-28,6965.09,4801.52,5932.76,10569.05,8450.27,7071.77,2818.27
2022-12-29,7162.37,4940.01,6100.36,10622.9,8498.75,7267.16,3046.06
2022-12-30,7180.05,4929.45,6085.18,10568.45,8554.89,7231.28,3080.06
2023-01-03,6911.48,5036.25,6146.57,10660.59,8619.96,7224.04,2703.0
2023-01-04,6982.77,4996.35,6074.84,10776.65,8700.35,6908.04,2841.52
2023-01-05,6908.72,4877.81,5945.17,10697.08,8698.42,6703.3,2759.01
2023-01-06,7162.92,5051.51,6023.8,10783.83,8864.87,6782.3,2827.02
2023-01-09,7192.21,5126.63,6070.7,10504.44,8828.23,6848.34,2994.8
2023-01-10,7224.26,5273.92,6098.29,10479.31,8907.29,6900.5,2971.79
2023-01-11,7376.78,5580.25,6312.09,10462.56,8973.48,7109.16,3081.06
2023-01-12,7372.36,5590.81,6285.2,10409.91,8964.48,7191.78,3089.57
2023-01-13,7446.96,5758.06,6353.48,10375.81,9190.7,7213.49,3060.56
2023-01-17,7512.17,5636.59,6296.23,10311.8,9048.67,7247.26,3287.85
2023-01-18,7471.83,5601.96,6284.51,10156.25,8776.82,7110.37,3220.09
2023-01-19,7475.14,5497.51,6417.62,10142.48,8659.86,6993.37,3179.83
2023-01-20,7618.82,5707.01,6760.4,10095.22,8681.07,7243.34,3336.11
2023-01-23,7797.87,5722.85,6882.47,10069.5,8821.81,7314.5,3594.41
2023-01-24,7876.34,5652.43,6738.33,10069.5,8897.64,7298.22,3597.91
2023-01-25,7839.31,5702.9,6567.28,10141.29,8940.7,7255.1,3611.41
2023-01-26,7955.36,5822.62,6725.91,10104.19,8995.97,7477.93,4007.48
2023-01-27,8064.22,5999.84,6853.51,10064.71,9017.82,7482.76,4448.32
2023-01-30,7902.31,5900.67,6685.91,9691.99,8941.34,7318.42,4167.26
2023-01-31,7973.6,6052.07,6816.95,9776.94,8994.68,7472.2,4331.29
2023-02-01,8036.59,6170.61,6926.61,9866.68,8970.91,7621.16,4536.08
2023-02-02,8334.45,6626.0,7430.78,9903.77,8929.13,7978.47,4707.61
2023-02-03,8537.81,6067.33,7226.63,9848.14,9067.3,7790.02,4750.37
2023-02-06,8384.74,5996.32,7096.97,9773.35,9120.65,7742.37,4869.89
2023-02-07,8546.1,5992.21,7423.88,9775.74,9231.83,8067.73,4921.15
2023-02-08,8395.24,5871.32,6853.51,9788.31,9166.92,8042.7,5033.17
2023-02-09,8337.21,5765.11,6552.8,9656.09,9024.25,7948.92,5183.95
2023-02-10,8357.69,5728.14,6522.45,9700.96,9064.09,7933.24,4923.15
2023-02-13,8514.87,5841.4,6525.21,9736.86,9162.42,8181.1,4866.89
2023-02-14,8478.9,5850.78,6530.04,9694.38,9202.91,8206.73,5232.21
2023-02-15,8596.78,5936.46,6685.91,9534.64,9241.47,8141.13,5356.98
2023-02-16,8507.12,5759.82,6587.28,9467.04,9114.22,7924.4,5051.93
2023-02-17,8442.92,5704.07,6507.28,9664.68,9141.21,7800.76,5208.7
2023-02-21,8217.67,5550.32,6330.72,9520.67,8973.48,7637.83,4935.15
2023-02-22,8241.47,5621.33,6321.06,9507.41,8904.71,7602.76,5022.42
2023-02-23,8268.59,5623.09,6268.64,9504.4,8976.05,7701.31,5052.68
2023-02-24,8119.71,5486.94,6147.26,9398.34,9057.02,7533.54,4922.9
2023-02-27,8186.68,5502.2,6198.29,9377.86,9136.07,7561.96,5191.7
2023-02-28,8158.45,5529.78,6211.4,9235.05,9212.55,7539.59,5143.69
2023-03-01,8042.22,5408.89,6232.09,9193.47,9161.13,7444.37,5070.18
2023-03-02,8075.43,5406.55,6345.2,9186.24,9066.02,7590.67,4773.37
2023-03-03,8358.8,5569.1,6459.0,9280.84,9232.47,7717.03,4945.66
2023-03-06,8513.77,5501.62,6561.07,9373.64,9178.49,7764.79,4846.14
2023-03-07,8390.35,5489.88,6473.48,9285.06,8908.57,7682.57,4693.61
2023-03-08,8460.63,5511.59,6500.38,9216.97,8855.87,7668.96,4550.83
2023-03-09,8334.45,5413.59,6367.27,9113.33,8376.44,7627.25,4323.79
2023-03-10,8218.77,5324.39,6250.71,9135.62,8589.17,7514.5,4336.8
2023-03-13,8327.81,5424.15,6283.82,9222.99,8434.93,7675.62,4362.8
2023-03-14,8445.14,5567.93,6481.07,9274.82,8651.5,7883.29,4582.34
2023-03-15,8467.28,5645.39,6628.66,9300.73,8242.77,8023.85,4512.08
2023-03-16,8625.56,5870.74,6919.03,9281.44,8402.79,8349.11,4604.09
2023-03-17,8578.52,5806.77,7008.69,9182.02,8085.32,8446.74,4504.08
2023-03-20,8711.35,5734.0,6981.1,9273.01,8170.79,8229.1,4582.09
2023-03-21,8815.4,5904.19,7236.29,9273.01,8389.94,8275.95,4940.41
2023-03-22,8735.15,5792.1,7129.38,9101.88,8173.36,8230.91,4779.63
2023-03-23,8796.03,5792.69,7283.19,9106.7,8151.51,8393.24,4806.38
2023-03-24,8869.08,5758.65,7272.15,9198.29,8027.48,8481.2,4761.12
2023-03-27,8760.05,5753.37,7066.62,9237.46,8257.55,8354.55,4796.13
2023-03-28,8725.19,5706.42,6967.99,9148.28,8282.62,8319.78,4730.62
2023-03-29,8897.86,5883.06,6992.82,9238.06,8299.33,8479.39,4847.89
2023-03-30,8985.86,5985.76,6958.34,9245.29,8274.26,8586.4,4882.9
2023-03-31,9126.44,6061.46,7154.21,9339.89,8374.52,8714.87,5187.45
2023-04-03,9196.73,6009.82,7197.66,9451.37,8364.88,8682.53,4870.14
2023-04-04,9166.84,6100.19,7222.49,9550.19,8253.05,8681.02,4815.38
2023-04-05,9063.34,5932.94,7205.25,9979.22,8265.36,8595.16,4638.85
2023-04-06,9113.16,5989.28,7477.68,9951.51,8256.29,8814.62,4627.35
2023-04-10,8967.6,5995.73,7341.12,9901.49,8283.5,8747.82,4613.6
2023-04-11,8899.52,5863.69,7265.94,9898.48,8324.3,8549.52,4670.61
2023-04-12,8860.78,5741.05,7216.97,9877.39,8323.01,8569.47,4514.33
2023-04-13,9162.96,6009.23,7409.4,10009.36,8354.74,8761.42,4648.35
2023-04-14,9143.6,6015.69,7508.72,9993.08,8985.61,8649.58,4625.85
2023-04-17,9144.7,6029.18,7308.7,9982.84,9056.86,8729.98,4676.86
2023-04-18,9213.33,6003.36,7207.32,9702.04,9158.54,8716.99,4608.59
2023-04-19,9277.53,6120.73,7185.25,9793.63,9146.88,8719.4,4515.58
2023-04-20,9223.29,6091.98,7261.8,9856.9,9120.33,8648.67,4075.5
2023-04-21,9133.08,6276.83,7270.08,9803.27,9102.84,8638.09,4127.76
2023-04-24,9150.24,6232.82,7308.7,9862.93,9115.15,8517.48,4064.5
2023-04-25,9063.9,6019.21,7162.49,9953.31,8916.95,8325.53,4017.49
2023-04-26,9063.34,6160.64,7152.83,9799.06,8758.91,8928.59,3844.45
2023-04-27,9320.7,6444.67,7420.43,9821.95,8876.79,9214.55,4005.48
2023-04-28,9390.99,6188.22,7403.19,9864.13,8953.87,9288.0,4108.5
2023-05-01,9386.01,5988.69,7393.54,9858.11,9145.59,9236.61,4046.49
2023-05-02,9327.89,6081.41,7263.87,9944.28,8997.91,9232.08,4008.48
2023-05-03,9267.57,6082.59,7270.08,9814.12,8807.49,9201.55,4015.99
2023-05-04,9175.69,6103.13,7220.42,9769.53,8687.01,9232.08,4030.74
2023-05-05,9606.28,6200.54,7281.12,9802.67,8856.71,9390.48,4252.28
2023-05-08,9602.41,6210.52,7432.85,9780.38,8878.09,9330.02,4295.54
2023-05-09,9506.66,6256.88,7403.88,9704.45,8835.34,9280.14,4229.53
2023-05-10,9605.73,6466.38,7707.35,9740.61,8839.87,9440.66,4214.27
2023-05-11,9616.24,6583.16,8039.78,9700.84,8812.02,9374.15,4302.79
2023-05-12,9564.15,6470.49,8104.61,9688.18,8685.72,9339.69,4200.27
2023-05-15,9536.44,6525.65,8035.64,9614.07,8758.91,9354.5,4159.51
2023-05-16,9536.44,6654.75,8242.55,9601.41,8699.97,9423.42,4163.76
2023-05-17,9570.8,6777.99,8334.28,9580.32,8967.47,9512.49,4347.3
2023-05-18,9701.59,6933.5,8471.53,9549.59,9035.48,9649.42,4423.06
2023-05-19,9707.69,6822.0,8466.7,9575.5,9014.75,9643.97,4504.33
2023-05-22,9654.48,6749.24,8624.64,9523.9,8940.27,9730.01,4722.62
2023-05-23,9508.17,6748.06,8452.91,9520.25,8847.0,9550.66,4645.1
2023-05-24,9523.69,6851.35,8338.42,9511.14,8766.04,9507.95,4573.34
2023-05-25,9587.43,6748.65,8516.36,9374.55,8787.41,9873.6,4612.6
2023-05-26,9722.65,7048.52,8594.3,9370.9,8869.67,10084.76,4830.14
2023-05-30,9826.29,7139.48,8529.46,9372.12,8903.35,10033.86,5029.92
2023-05-31,9823.52,7076.1,8474.29,9414.01,8790.0,9948.43,5099.18
2023-06-01,9980.92,7204.62,8532.91,9382.44,8911.12,10075.36,5188.95
2023-06-02,10028.58,7291.47,8598.43,9529.97,9098.31,10160.8,5350.23
2023-06-05,9952.65,7353.09,8690.85,9611.93,9008.92,10177.15,5441.25
2023-06-06,9932.15,7429.97,8780.51,9603.43,9025.12,10108.69,5533.76
2023-06-07,9855.11,7114.25,8448.77,9624.07,9112.56,9796.66,5615.28
2023-06-08,10007.52,7291.47,8423.94,9729.71,9115.15,9853.61,5872.58
2023-06-09,10029.14,7243.35,8430.15,9714.53,9133.28,9899.96,6111.12
2023-06-12,10185.98,7427.62,8527.4,9707.85,9132.64,10053.25,6246.9
2023-06-13,10159.38,7432.9,8540.5,9758.85,9198.7,10127.17,6468.94
2023-06-14,10194.85,7418.82,8529.46,9808.64,9164.37,10219.57,6420.93
2023-06-15,10309.02,7459.31,8627.4,9940.38,9268.01,10545.54,6398.67
2023-06-16,10248.61,7364.24,8519.81,9970.73,9279.02,10370.74,6514.69
2023-06-20,10253.59,7381.26,8490.15,9964.66,9231.74,10241.07,6862.51
2023-06-21,10195.4,7325.51,8314.28,9949.49,9218.13,10105.05,6487.69
2023-06-22,10363.88,7637.71,8493.6,10055.12,9040.66,10291.36,6616.46
2023-06-23,10346.15,7589.59,8437.74,10046.63,8993.38,10149.28,6416.18
2023-06-26,10268.01,7472.22,8161.86,9934.31,9015.4,9954.79,6027.36
2023-06-27,10422.63,7580.79,8161.17,9913.67,9016.05,10135.65,6256.4
2023-06-28,10488.58,7572.57,8288.76,9893.63,8976.54,10174.43,6407.17
2023-06-29,10507.43,7505.67,8214.27,9962.84,9290.03,10150.19,6438.68
2023-06-30,10750.18,7650.03,8255.66,10049.05,9420.22,10316.51,6545.45
2023-07-03,10666.49,7641.82,8269.45,9917.31,9496.0,10239.26,6996.78
2023-07-05,10603.86,7651.21,8397.04,9884.52,9432.74,10244.11,7063.3
2023-07-06,10630.46,7532.67,8283.93,9811.06,9339.48,10338.62,6914.77
2023-07-07,10567.84,7616.0,8240.48,9668.39,9413.18,10215.93,6862.01
2023-07-10,10453.11,7460.48,8031.5,9684.17,9466.0,10052.64,6741.49
2023-07-11,10423.74,7557.31,8079.09,9630.75,9614.04,10072.03,6745.99
2023-07-12,10517.4,7675.85,8202.55,9597.36,9661.64,10215.32,6801.0
2023-07-13,10560.08,7881.25,8589.47,9641.68,9708.6,10380.73,6948.77
2023-07-14,10568.39,7903.55,8650.16,9706.03,9767.3,10458.89,7035.79
2023-07-17,10751.28,7837.82,8597.06,9657.46,10002.72,10473.74,7260.83
2023-07-18,10736.87,7794.98,8535.67,9656.86,10020.98,10890.59,7334.84
2023-07-19,10812.8,7943.45,8416.35,9637.43,10059.46,10756.99,7282.84
2023-07-20,10703.62,7626.56,8221.17,10222.69,10183.37,10508.27,6573.71
2023-07-21,10637.67,7628.91,8277.73,10332.58,10105.11,10414.36,6501.69
2023-07-24,10682.56,7558.49,8381.87,10386.61,10304.02,10454.95,6727.73
2023-07-25,10730.78,7577.85,8428.77,10466.15,10227.06,10632.78,6633.22
2023-07-26,10779.55,7520.34,8915.7,10486.18,10288.36,10232.59,6609.96
2023-07-27,10708.61,7526.21,8924.66,10545.07,10174.89,10019.02,6393.92
2023-07-28,10853.26,7758.6,9143.98,10593.03,10232.93,10250.77,6662.22
2023-07-31,10887.62,7844.86,9153.64,10171.09,10301.41,10176.55,6686.98
2023-08-01,10841.06,7728.08,9072.94,10253.65,10250.54,10189.27,6527.95
2023-08-02,10673.14,7523.86,8854.31,10315.58,10134.46,9921.47,6353.91
2023-08-03,10594.99,7564.94,8859.14,10359.9,10196.41,9896.02,6484.19
2023-08-04,10086.22,8190.51,8835.69,10262.76,10174.89,9929.95,6347.66
2023-08-07,9912.2,8346.02,9071.57,10509.25,10223.15,10000.54,6287.4
2023-08-08,9964.85,8212.22,9062.6,10514.11,10165.76,9877.54,6243.64
2023-08-09,9875.62,8089.58,8942.59,10507.43,10029.46,9761.82,6055.86
2023-08-10,9863.42,8131.24,8944.66,10452.79,10014.46,9783.02,6134.62
2023-08-11,9866.76,8122.44,8935.69,10554.78,10072.5,9724.86,6067.36
2023-08-14,9959.44,8249.2,9057.77,10529.89,10093.37,9816.65,5995.1
2023-08-15,9847.89,8079.01,8950.87,10499.54,9836.42,9750.61,5825.07
2023-08-16,9799.05,7926.43,8876.38,10466.15,9794.68,9726.93,5641.03
2023-08-17,9656.42,7862.47,8960.53,10564.5,9692.95,9620.07,5481.5
2023-08-18,9683.62,7817.87,8790.86,10472.22,9715.12,9607.92,5388.24
2023-08-21,9758.54,7903.55,8853.62,10160.16,9748.38,9771.86,5783.06
2023-08-22,9835.68,7878.31,8902.59,10079.41,9546.21,9789.47,5830.82
2023-08-23,10051.56,7952.84,9129.5,9988.95,9610.78,9927.29,5922.59
2023-08-24,9788.5,7736.88,8950.87,10022.95,9601.65,9713.87,5752.05
2023-08-25,9912.26,7820.22,8957.77,10166.66,9589.91,9805.25,5965.84
2023-08-28,9999.95,7813.17,9035.7,10046.79,9623.17,9827.11,5971.59
2023-08-29,10218.05,7917.04,9281.23,10048.02,9701.43,9970.1,6430.68
2023-08-30,10413.95,7926.43,9371.58,10012.55,9662.3,9981.64,6423.68
2023-08-31,10426.16,8098.96,9391.58,9887.19,9542.95,9950.37,6453.18
2023-09-01,10514.4,8105.42,9356.41,9813.8,9574.91,9977.69,6126.37
2023-09-05,10527.72,8055.54,9364.0,9826.04,9469.26,10126.14,6413.43
2023-09-06,10150.9,7943.45,9273.65,9662.76,9453.61,10105.8,6299.15
2023-09-07,9853.99,8089.58,9328.82,9786.29,9372.74,10015.64,6288.4
2023-09-08,9888.4,8111.87,9406.07,9818.7,9379.92,10148.0,6213.64
2023-09-11,9953.88,8397.67,9443.31,9947.12,9421.0,10259.42,6840.75
2023-09-12,9784.06,8287.93,9334.34,10003.38,9543.61,10072.11,6688.23
2023-09-13,9668.08,8500.36,9428.83,10028.45,9548.17,10202.34,6783.74
2023-09-14,9752.99,8492.73,9524.7,10013.16,9733.38,10282.49,6902.27
2023-09-15,9712.47,8238.63,9476.42,9873.12,9704.69,10025.05,6861.01
2023-09-18,9876.74,8214.57,9532.28,9935.5,9724.9,9989.83,6633.22
2023-09-19,9937.79,8076.67,9520.56,9918.99,9712.51,9977.39,6663.72
2023-09-20,9739.11,7939.34,9223.99,9962.41,9671.43,9738.16,6565.95
2023-09-21,9652.54,7589.59,8996.39,9885.96,9595.78,9700.52,6393.67
2023-09-22,9700.26,7577.26,8983.28,9815.03,9503.82,9624.01,6123.12
2023-09-25,9771.86,7703.44,9042.6,9800.35,9550.78,9640.1,6175.88
2023-09-26,9543.21,7393.0,8867.42,9724.52,9451.65,9476.16,6104.12
2023-09-27,9458.3,7393.0,9003.28,9607.72,9507.08,9495.9,6013.6
2023-09-28,9472.73,7393.0,9125.36,9593.66,9625.13,9521.7,6160.63
2023-09-29,9501.59,7459.9,9025.36,9524.55,9457.52,9585.76,6256.65
2023-10-02,9642.55,7597.22,9253.65,9487.86,9376.0,9769.43,6291.15
2023-10-03,9567.63,7319.06,9133.64,9499.48,9306.87,9514.11,6164.38
2023-10-04,9637.55,7452.86,9327.44,9510.49,9348.61,9683.21,6530.2
2023-10-05,9706.92,7391.82,9315.72,9609.55,9388.03,9695.35,6502.44
2023-10-06,9850.11,7509.19,9488.83,9640.13,9532.56,9935.19,6514.44
2023-10-09,9933.35,7526.8,9546.77,9695.17,9510.88,10012.91,6492.94
2023-10-10,9900.05,7598.39,9521.94,9684.16,9568.69,9969.49,6591.71
2023-10-11,9978.3,7736.3,9693.67,9550.85,9601.54,10091.84,6575.96
2023-10-12,10028.81,7765.64,9584.7,9560.02,9579.21,10053.59,6472.94
2023-10-13,9925.58,7616.58,9473.66,9591.82,9723.08,9949.46,6279.15
2023-10-16,9918.37,7778.55,9593.67,9633.4,9713.23,10098.52,6349.16
2023-10-17,9831.24,7715.17,9636.43,9545.35,9692.21,10080.91,6372.42
2023-10-18,9758.54,7519.17,9515.04,9339.87,9585.78,10021.71,6068.11
2023-10-19,9737.45,7535.01,9500.56,9314.8,9545.04,10058.44,5503.76
2023-10-20,9594.26,7345.46,9352.27,9356.38,9391.32,9917.28,5300.72
2023-10-23,9600.92,7427.03,9414.34,9257.93,9263.21,9997.73,5302.97
2023-10-24,9625.35,7544.4,9573.66,9248.14,9274.38,10034.46,5413.99
2023-10-25,9495.48,7123.64,8663.27,9268.93,9223.79,10342.3,5311.47
2023-10-26,9261.84,7016.83,8433.6,9111.77,9247.44,9954.31,5144.94
2023-10-27,9335.65,7496.28,8426.01,8903.85,8914.36,10012.6,5183.45
2023-10-30,9450.53,7787.94,8583.95,8991.3,9028.01,10240.29,4934.9
2023-10-31,9477.17,7810.24,8557.74,9071.41,9135.75,10264.58,5021.92
2023-11-01,9654.76,8039.69,8721.2,9092.81,9127.87,10506.24,5142.44
2023-11-02,9854.54,8102.49,8792.93,9187.6,9290.8,10574.54,5463.75
2023-11-03,9803.49,8133.59,8903.97,9254.87,9394.6,10710.55,5500.01
2023-11-06,9946.67,8200.49,8983.28,9276.88,9465.55,10823.79,5482.76
2023-11-07,10090.41,8374.78,9032.94,9227.96,9460.95,10945.22,5555.52
2023-11-08,10149.79,8337.81,9092.95,9194.33,9507.6,11026.28,5553.77
2023-11-09,10123.15,8250.96,8982.6,9015.15,9479.35,10950.08,5250.46
2023-11-10,10358.21,8424.66,9144.67,9004.75,9619.94,11222.7,5367.23
2023-11-13,10269.3,8367.74,9110.19,9027.99,9577.24,11131.93,5593.78
2023-11-14,10416.0,8556.11,9215.71,9029.83,9751.99,11240.91,5936.34
2023-11-15,10447.67,8403.53,9284.68,9099.54,9837.39,11245.48,6072.11
2023-11-16,10542.15,8381.82,9444.0,9179.04,9949.73,11443.21,5840.82
2023-11-17,10541.03,8519.73,9332.27,9160.08,10039.74,11250.95,5858.57
2023-11-20,10638.84,8575.48,9397.1,9240.83,10070.62,11481.84,5891.08
2023-11-21,10593.83,8444.61,9446.76,9315.42,10049.59,11348.91,6031.11
2023-11-22,10631.06,8609.52,9551.59,9296.93,10073.25,11494.32,5856.32
2023-11-24,10556.59,8611.28,9427.45,9400.49,10087.04,11481.54,5887.33
2023-11-27,10546.59,8669.37,9408.14,9325.28,10064.05,11517.44,5903.08
2023-11-28,10580.49,8628.29,9462.62,9346.86,10087.04,11641.86,6169.13
2023-11-29,10523.25,8586.63,9310.2,9376.45,10138.29,11524.74,6104.62
2023-11-30,10555.48,8573.13,9140.54,9533.64,10253.91,11526.56,6003.1
2023-12-01,10627.17,8628.29,9094.33,9762.95,10303.84,11392.71,5971.84
2023-12-04,10526.59,8499.78,8915.7,9793.77,10379.39,11229.36,5890.58
2023-12-05,10748.31,8619.49,9034.32,9773.43,10378.08,11332.18,5969.09
2023-12-06,10687.18,8481.0,8967.42,9654.45,10269.02,11219.01,5985.35
2023-12-07,10795.54,8619.49,9444.0,9579.25,10300.55,11284.42,6067.11
2023-12-08,10875.56,8651.18,9310.2,9518.84,10414.21,11384.2,6097.12
2023-12-11,10734.97,8561.39,9192.95,9558.29,10452.31,11295.06,5994.6
2023-12-12,10819.99,8654.7,9139.85,9558.91,10545.6,11388.76,5926.34
2023-12-13,11000.6,8734.51,9143.3,9603.29,10581.08,11388.45,5983.35
2023-12-14,11008.93,8651.18,9099.84,9669.87,10773.57,11131.71,6277.4
2023-12-15,10978.93,8800.82,9145.36,9564.46,10855.03,11277.73,6338.66
2023-12-18,10885.57,9041.43,9366.07,9581.72,10920.73,11336.13,6303.16
2023-12-19,10943.91,9025.0,9424.69,9644.59,11066.58,11354.69,6431.68
2023-12-20,10826.67,8926.99,9541.25,9447.95,10941.75,11274.38,6179.63
2023-12-21,10818.33,9027.93,9684.71,9544.73,11004.16,11363.21,6363.67
2023-12-22,10758.31,9003.28,9758.5,9582.95,10997.59,11394.84,6314.66
2023-12-26,10727.75,9002.7,9760.57,9624.87,11062.63,11397.28,6416.43
2023-12-27,10733.3,8998.59,9681.26,9637.81,11128.99,11379.33,6537.2
2023-12-28,10757.2,9000.94,9671.6,9651.99,11188.12,11416.14,6330.66
2023-12-29,10698.85,8916.43,9634.36,9661.85,11174.98,11439.26,6213.14
2024-01-02,10315.98,8798.48,9529.52,9860.96,11305.06,11281.98,6211.64
2024-01-03,10238.74,8712.8,9581.25,9922.6,11255.78,11273.77,5962.34
2024-01-04,10108.7,8483.93,9406.76,9901.64,11330.48,11192.85,5949.34
2024-01-05,10068.14,8523.25,9361.24,9932.47,11387.32,11187.07,5938.34
2024-01-08,10311.53,8749.77,9575.73,9957.12,11370.8,11398.19,6012.35
2024-01-09,10288.19,8882.98,9721.26,9963.29,11280.9,11431.65,5875.08
2024-01-10,10346.54,9021.48,9812.99,9978.08,11304.7,11643.98,5849.57
2024-01-11,10313.2,9106.57,9799.19,9933.69,11257.1,11700.57,5681.54
2024-01-12,10331.54,9073.7,9838.51,10010.13,11174.48,11817.38,5473.25
2024-01-16,10204.28,8988.03,9827.47,9894.86,11104.41,11872.14,5498.76
2024-01-17,10151.49,8902.93,9757.12,9889.31,11044.92,11847.8,5389.74
2024-01-18,10482.13,9007.98,9895.75,9937.39,11066.73,11981.65,5297.97
2024-01-19,10644.95,9115.96,10095.76,9966.37,11257.76,12127.67,5305.72
2024-01-22,10774.43,9083.09,10068.86,10015.06,11244.54,12061.96,5220.96
2024-01-23,10846.11,9155.86,10141.28,9851.09,11170.51,12134.67,5229.46
2024-01-24,10808.32,9205.74,10255.77,9798.7,11270.33,12246.0,5196.7
2024-01-25,10789.99,9257.38,10474.41,9835.68,11431.61,12316.27,4566.59
2024-01-26,10692.74,9337.78,10496.48,9831.98,11387.98,12287.68,4582.09
2024-01-29,10654.4,9463.37,10587.52,9823.36,11417.73,12463.81,4774.13
2024-01-30,10449.34,9330.74,10446.13,9786.99,11651.73,12429.44,4790.63
2024-01-31,10247.07,9107.74,9662.64,9795.0,11525.48,12094.51,4683.11
2024-02-01,10383.77,9347.17,9735.74,9761.71,11483.83,12283.12,4722.37
2024-02-02,10327.65,10082.48,9819.89,9653.84,11549.93,12509.44,4698.61
2024-02-05,10429.34,9994.45,9909.55,9603.91,11534.73,12340.0,4527.33
2024-02-06,10519.36,9926.38,9938.51,9743.22,11574.39,12335.13,4628.35
2024-02-07,10525.48,10007.37,10037.83,9738.29,11596.21,12595.53,4690.36
2024-02-08,10464.91,9966.87,10063.35,9640.89,11554.56,12597.36,4739.87
2024-02-09,10507.75,10237.41,10276.46,9663.09,11568.44,12793.26,4840.14
2024-02-12,10413.16,10113.58,10175.08,9730.28,11620.0,12632.34,4704.11
2024-02-13,10295.76,9896.45,10010.24,9645.21,11518.86,12360.38,4601.34
2024-02-14,10246.24,10033.77,10065.42,9600.21,11635.87,12479.85,4718.62
2024-02-15,10230.1,9964.53,9846.78,9734.59,11889.7,12390.56,5012.17
2024-02-16,10143.86,9947.51,9691.6,9723.41,11834.17,12314.36,4999.67
2024-02-20,10102.13,9804.91,9732.98,9804.77,11880.44,12275.66,4844.89
2024-02-21,10144.42,9893.52,9831.61,9855.71,11957.78,12257.07,4870.14
2024-02-22,10258.48,10245.04,9937.82,9965.64,12101.22,12545.68,4936.16
2024-02-23,10155.54,10269.1,9928.86,10051.97,12162.04,12505.76,4800.13
2024-02-26,10079.87,10253.84,9488.14,9986.76,12120.39,12420.42,4985.91
2024-02-27,10161.66,10184.0,9578.49,9998.56,12126.34,12418.59,4994.17
2024-02-28,10094.34,10161.7,9406.07,10033.96,12187.82,12425.91,5051.93
2024-02-29,10057.06,10372.97,9549.53,10023.4,12298.87,12606.33,5047.93
2024-03-01,9996.41,10458.64,9458.49,10069.37,12247.96,12663.02,5066.93
2024-03-04,9742.69,10421.09,9197.09,9927.75,12339.85,12645.34,4704.36
2024-03-05,9465.6,10218.04,9150.19,9935.83,12463.46,12271.39,4519.33
2024-03-06,9409.96,10182.24,9062.6,9896.7,12528.24,12254.32,4414.31
2024-03-07,9403.28,10376.49,9268.13,9867.51,12418.51,12469.18,4467.07
2024-03-08,9499.54,10290.22,9339.17,9907.88,12441.64,12380.19,4384.3
2024-03-11,9611.93,10091.28,9495.04,10014.09,12446.27,12328.38,4445.07
2024-03-12,9638.64,10292.57,9552.28,10107.88,12548.73,12656.31,4439.31
2024-03-13,9521.79,10361.23,9641.25,10006.01,12650.53,12650.82,4237.78
2024-03-14,9625.84,10489.75,9869.55,9888.63,12425.12,12959.25,4063.24
2024-03-15,9604.7,10235.65,9737.12,9824.65,12579.14,12691.05,4090.0
2024-03-18,9665.9,10239.17,10185.42,9736.45,12735.14,12718.48,4345.8
2024-03-19,9797.21,10322.5,10140.59,9702.29,12809.83,12843.13,4283.79
2024-03-20,9941.32,10454.54,10258.53,9674.34,12977.73,12959.55,4392.31
2024-03-21,9535.15,10454.54,10179.91,9673.72,13158.18,13085.73,4321.29
2024-03-22,9585.78,10496.79,10398.54,9641.42,12996.9,13066.52,4271.53
2024-03-25,9506.21,10546.08,10350.26,9640.8,12877.92,12887.32,4316.54
2024-03-26,9442.78,10463.34,10391.64,9674.96,12938.07,12850.45,4442.56
2024-03-27,9643.09,10553.13,10405.44,9810.99,13188.6,12843.74,4496.57
2024-03-28,9541.27,10585.4,10409.57,9825.27,13240.15,12822.1,4395.56
2024-04-01,9460.59,10620.03,10724.08,9799.8,13150.25,12939.44,4381.3
2024-04-02,9394.38,10603.59,10659.94,9796.7,13144.97,12844.05,4166.51
2024-04-03,9439.44,10704.53,10684.76,9581.18,13107.95,12813.87,4210.27
2024-04-04,9393.26,10563.1,10381.99,9471.86,13008.22,12735.55,4278.53
2024-04-05,9435.55,10860.63,10517.86,9465.03,13127.9,12968.39,4123.26
2024-04-08,9372.68,10867.67,10679.94,9415.34,13196.38,12940.05,4325.29
2024-04-09,9440.56,10895.84,10800.63,9458.82,13107.95,12991.55,4422.81
2024-04-10,9335.4,10912.27,10768.91,9329.01,12996.25,12899.51,4294.79
2024-04-11,9739.35,11094.19,10994.44,9241.43,12993.59,13041.84,4365.8
2024-04-12,9823.37,10922.83,10878.57,9162.55,12153.19,12858.07,4277.03
2024-04-15,9608.59,10775.54,10680.63,9166.9,12159.84,12606.33,4037.74
2024-04-16,9424.42,10757.93,10648.9,8971.87,12020.88,12634.98,3928.47
2024-04-17,9347.64,10638.22,10722.7,8991.75,11973.01,12551.47,3886.96
2024-04-18,9294.22,10517.33,10759.94,9051.99,12050.8,12320.76,3748.94
2024-04-19,9180.72,10247.97,10627.52,9186.77,12353.32,12163.81,3676.92
2024-04-22,9227.45,10400.55,10778.56,9261.93,12593.34,12219.89,3551.9
2024-04-23,9286.43,10536.11,10915.12,9289.26,12774.85,12421.34,3617.66
2024-04-24,9404.39,10362.99,10975.13,9225.28,12837.35,12466.75,4053.99
2024-04-25,9452.8,10191.63,10759.25,9119.07,12856.63,12161.37,4255.28
2024-04-26,9419.97,10540.8,11859.32,9076.84,12864.61,12383.24,4208.02
2024-04-29,9653.66,10619.44,11459.29,9119.07,12850.64,12259.2,4852.14
2024-04-30,9477.28,10269.68,11226.86,8980.57,12748.25,11865.44,4582.84
2024-05-01,9419.97,10504.42,11301.35,9389.88,12756.23,12036.42,4500.58
2024-05-02,9627.51,10840.09,11491.71,9311.62,12742.93,12124.8,4501.08
2024-05-03,10203.39,10927.53,11534.47,9271.25,12666.47,12393.6,4530.58
2024-05-06,10110.47,11073.65,11593.78,9228.39,12765.54,12603.28,4619.85
2024-05-07,10148.86,11077.17,11811.04,9237.08,12748.92,12475.28,4446.07
2024-05-08,10167.78,11032.57,11682.06,9251.37,13008.22,12511.85,4368.8
2024-05-09,10269.6,11120.6,11722.07,9307.27,13131.22,12566.1,4300.04
2024-05-10,10198.84,11002.06,11631.72,9311.0,13215.66,12639.85,4212.52
2024-05-13,10378.81,10948.66,11665.51,9392.36,13213.0,12608.77,4298.04
2024-05-14,10442.88,10978.0,11748.27,9402.3,13397.83,12695.32,4439.56
2024-05-15,10570.47,10914.62,11897.94,9482.42,13437.72,12917.28,4350.55
2024-05-16,10577.16,10776.12,12013.12,9582.42,13461.66,12853.47,4371.8
2024-05-17,10578.83,10838.92,12142.78,9604.78,13615.91,12829.66,4437.31
2024-05-20,10644.02,10770.84,12202.09,9471.41,13003.56,12986.29,4374.55
2024-05-21,10717.0,10747.96,12266.24,9469.54,13265.53,13099.25,4665.86
2024-05-22,10636.22,10746.78,12164.85,9611.04,13185.07,13144.44,4503.58
2024-05-23,10412.24,10624.72,11969.67,9373.11,13092.66,13036.97,4344.3
2024-05-24,10584.96,10607.11,12068.98,9202.18,13344.65,13133.45,4481.82
2024-05-28,10585.52,10689.27,12166.23,9040.01,13264.19,13138.33,4419.56
2024-05-29,10602.23,10681.64,12131.74,9043.77,13171.78,13103.22,4405.56
2024-05-30,10657.94,10523.2,11870.35,9096.36,13252.89,12660.52,4470.57
2024-05-31,10711.44,10354.19,11897.25,9183.39,13472.3,12674.56,4452.82
2024-06-03,10810.61,10465.69,11943.46,9250.39,13418.44,12625.4,4408.06
2024-06-04,10828.44,10524.37,11986.22,9254.15,13241.59,12703.26,4370.05
2024-06-05,10913.13,10638.22,12097.95,9139.57,13115.26,12945.68,4375.8
2024-06-06,10835.68,10856.52,12188.99,9167.74,13091.99,12961.25,4449.32
2024-06-07,10969.96,10815.44,12032.43,9209.07,13294.11,12940.8,4437.81
2024-06-10,10759.91,10977.41,12084.22,9212.2,13271.51,13063.53,4345.55
2024-06-11,11541.6,10987.39,12195.38,9189.03,12922.45,13210.39,4267.28
2024-06-12,11871.44,10967.43,12276.17,9104.5,12734.29,13466.24,4433.06
2024-06-13,11936.63,10787.86,12094.57,9107.01,12875.91,13482.12,4562.59
2024-06-14,11839.13,10777.88,12207.12,9112.64,12883.89,13512.35,4451.07
2024-06-17,12072.02,10801.36,12238.19,9138.31,12963.67,13689.43,4686.86
2024-06-18,11939.42,10728.0,12089.74,9119.53,13097.98,13627.45,4622.35
2024-06-20,11682.57,10921.07,12173.29,9252.9,13209.01,13607.91,4540.08
2024-06-21,11560.55,11095.95,12403.22,9313.63,13051.44,13732.48,4576.09
2024-06-24,11596.76,10889.97,12374.91,9336.8,13222.97,13668.06,4565.34
2024-06-25,11648.58,10935.16,12707.03,9215.96,13169.12,13768.2,4684.61
2024-06-26,11881.47,11361.79,12696.68,9192.79,13126.56,13805.14,4910.15
2024-06-27,11928.83,11610.61,12802.32,9128.92,13242.25,13826.21,4936.4
2024-06-28,11734.94,11340.66,12577.22,9151.46,13447.7,13646.07,4947.91
2024-07-01,12076.48,11572.46,12635.22,9168.99,13659.79,13944.67,5247.46
2024-07-02,12272.6,11736.78,12790.58,9143.32,13884.52,14022.53,5782.56
2024-07-03,12343.92,11595.35,12830.63,9122.03,13875.21,14068.02,6160.88
2024-07-05,12610.8,11736.78,13160.69,9171.5,13691.36,14275.33,6289.15
2024-07-08,12693.26,11695.11,13052.28,9108.89,13716.76,14235.03,6324.66
2024-07-09,12741.17,11698.05,13048.83,9207.19,13881.23,14030.47,6559.45
2024-07-10,12980.75,11724.46,13200.73,9356.21,13892.59,14235.33,6582.71
2024-07-11,12679.33,11446.29,12813.37,9373.11,13869.2,13882.69,6026.85
2024-07-12,12844.8,11413.43,12778.85,9384.38,13701.39,13847.58,6206.89
2024-07-15,13059.87,11309.56,12879.66,9344.31,14043.02,13860.1,6317.16
2024-07-16,13083.27,11327.17,12699.44,9455.13,14281.69,13724.54,6415.18
2024-07-17,12752.32,11028.46,12499.2,9803.89,14498.97,13541.35,6213.64
2024-07-18,12490.45,10783.17,12269.27,9731.26,14038.34,13445.18,6231.89
2024-07-19,12497.69,10746.78,12267.19,9685.55,14024.97,13345.64,5981.1
2024-07-22,12478.19,10712.75,12544.08,9657.37,14058.4,13523.64,6288.9
2024-07-23,12536.7,10939.27,12552.36,9539.04,14061.74,13581.96,6160.63
2024-07-24,12176.21,10611.81,11919.88,9785.1,13945.41,13094.98,5400.74
2024-07-25,12117.71,10554.3,11550.47,9995.48,13950.76,12774.4,5507.26
2024-07-26,12143.9,10709.81,11531.13,10058.09,14189.43,12984.15,5496.01
2024-07-29,12159.5,10750.89,11705.83,9927.86,14096.5,13028.73,5803.56
2024-07-30,12190.7,10663.45,11758.31,10101.3,14386.66,12912.4,5566.52
2024-07-31,12373.45,10972.71,11844.61,9883.41,14226.87,12772.87,5802.81
2024-08-01,12166.18,10801.95,11790.76,10065.61,13903.29,12735.01,5422.49
2024-08-02,12249.76,9853.03,11507.66,10277.24,13313.62,12471.83,5192.7
2024-08-05,11659.72,9449.28,10996.01,10096.29,13030.15,12064.54,4972.91
2024-08-06,11546.06,9502.68,10929.72,9953.53,13393.85,12200.71,5016.92
2024-08-07,11690.37,9551.98,10974.6,9949.15,13397.86,12164.68,4794.88
2024-08-08,11884.82,9729.79,11187.96,10031.8,13642.55,12294.75,4971.91
2024-08-09,12048.07,9796.69,11301.2,10056.84,13758.88,12396.42,5000.92
2024-08-12,12133.97,9788.47,11205.91,10010.51,13784.96,12420.54,4938.16
2024-08-13,12342.59,9989.76,11335.04,9917.22,13901.95,12640.36,5196.7
2024-08-14,12367.69,9982.13,11073.34,9922.85,14055.72,12727.38,5035.42
2024-08-15,12535.03,10421.67,11137.56,9961.04,14143.3,12877.86,5354.48
2024-08-16,12609.22,10390.57,11252.18,9979.83,14305.09,12799.56,5403.99
2024-08-19,12600.29,10458.64,11508.35,9994.85,14404.04,12893.16,5569.02
2024-08-20,12634.88,10497.38,11543.56,10028.04,14341.86,12993.18,5528.51
2024-08-21,12628.74,10569.56,11451.73,10107.56,14347.21,12972.99,5582.77
2024-08-22,12524.43,10336.0,11310.18,10165.16,14482.93,12710.25,5267.47
2024-08-23,12653.29,10389.4,11435.85,10276.61,14595.24,12748.18,5509.01
2024-08-26,12672.25,10299.02,11473.13,10306.67,14652.74,12647.24,5331.23
2024-08-27,12719.66,10159.36,11370.94,10280.17,14720.27,12657.95,5231.21
2024-08-28,12633.76,10023.21,11244.58,10341.36,14794.47,12558.85,5144.69
2024-08-29,12817.84,10100.67,11170.7,10360.92,14855.98,12635.92,5157.95
2024-08-30,12773.77,10475.08,11281.18,10463.76,15029.14,12758.88,5353.73
2024-09-03,12426.26,10343.04,10865.51,10545.77,14728.29,12523.37,5265.97
2024-09-04,12319.16,10171.68,10802.67,10558.39,14663.44,12506.85,5486.26
2024-09-05,12404.5,10439.28,10857.22,10408.87,14549.78,12491.25,5755.31
2024-09-06,12317.49,10057.83,10420.83,10370.39,14204.14,12286.63,5269.22
2024-09-09,12322.5,10293.16,10281.86,10511.07,14494.96,12409.58,5407.74
2024-09-10,12277.88,10536.69,10278.4,10559.65,13742.84,12668.96,5655.29
2024-09-11,12420.12,10828.35,10451.25,10398.14,13854.48,12939.34,5704.3
2024-09-12,12426.26,10973.89,10695.32,10386.79,13812.37,13060.47,5746.3
2024-09-13,12411.2,10943.96,10886.84,10442.31,13659.94,13170.27,5758.31
2024-09-16,12066.47,10850.07,10928.32,10535.04,13896.61,13193.21,5670.54
2024-09-17,12092.69,10966.85,11015.44,10540.09,13989.53,13309.75,5697.79
2024-09-18,12310.23,10940.44,11049.32,10482.05,13874.54,13177.0,5681.04
2024-09-19,12766.52,11142.31,11210.41,10398.14,14071.77,13418.02,6099.12
2024-09-20,12729.15,11243.84,11310.67,10356.51,14112.55,13313.42,5957.34
2024-09-23,12632.65,11377.63,11190.36,10297.2,14135.95,13259.59,6251.15
2024-09-24,12682.85,11382.33,11220.79,10269.44,14145.98,13126.84,6357.92
2024-09-25,12627.07,11298.41,11165.47,10131.91,14052.38,13216.76,6426.68
2024-09-26,12691.22,11218.01,11251.21,10181.75,14024.97,13192.3,6356.67
2024-09-27,12706.28,11030.81,11335.56,10182.38,14073.1,13091.66,6512.69
2024-09-30,12996.9,10934.57,11466.93,10224.02,14097.17,13161.4,6541.95
2024-10-01,12618.14,10864.15,11545.74,10219.61,13841.78,12867.46,6451.68
2024-10-02,12649.94,10842.44,11467.62,10167.87,13858.5,12758.58,6226.64
2024-10-03,12588.02,10678.12,11467.62,10125.6,13720.78,12740.53,6017.6
2024-10-04,12651.05,10945.13,11550.58,10112.35,14207.78,12725.85,6253.15
2024-10-07,12366.01,10610.05,11268.49,10064.41,14188.27,12526.43,6021.85
2024-10-08,12593.6,10722.72,11365.29,10074.5,14176.16,12684.56,6113.62
2024-10-09,12803.89,10866.5,11191.05,10135.07,14355.76,12768.67,6027.36
2024-10-10,12776.0,10953.35,11206.27,10126.23,14316.74,12719.12,5970.34
2024-10-11,12692.89,11080.69,11286.47,10186.17,14952.4,12733.8,5446.0
2024-10-14,12902.07,11005.58,11405.39,10195.0,14897.92,12820.06,5480.0
2024-10-15,13044.31,11014.38,11439.96,10352.72,14959.13,12807.82,5490.26
2024-10-16,12928.84,10967.43,11419.22,10364.08,15043.21,12727.69,5534.26
2024-10-17,12949.48,11004.99,11265.03,10376.06,15095.68,12746.04,5523.26
2024-10-18,13108.46,11090.67,11298.91,10417.07,15159.58,12790.08,5518.51
2024-10-21,13191.01,11095.37,11343.86,10272.6,15000.16,12809.05,5472.25
2024-10-22,13156.43,11132.34,11417.83,10311.71,15075.5,13076.07,5450.25
2024-10-23,12871.94,10839.5,11254.66,10463.76,15027.74,12987.06,5342.23
2024-10-24,12861.35,10937.51,11250.52,10325.59,15133.34,12991.04,6513.19
2024-10-25,12908.2,11022.6,11426.82,10149.58,14953.75,13095.64,6730.98
2024-10-28,13019.21,11055.46,11527.08,10195.0,15168.32,13047.93,6563.95
2024-10-29,13034.27,11198.65,11731.73,10099.74,14993.43,13211.87,6489.19
2024-10-30,12835.13,11310.15,12062.22,10132.54,15095.0,13229.61,6439.93
2024-10-31,12601.41,10938.68,11830.6,10085.23,14927.51,12428.85,6247.4
2024-11-01,12434.07,11615.3,11843.05,10102.26,14996.12,12551.81,6225.64
2024-11-04,12383.86,11489.13,11701.31,9983.03,14783.56,12493.39,6072.11
2024-11-05,12464.19,11707.44,11735.88,9989.97,14898.59,12585.15,6287.15
2024-11-06,12423.47,12152.85,12203.96,9960.31,16618.56,12851.87,7214.57
2024-11-07,12688.98,12326.55,12497.12,9887.76,15900.17,13012.44,7424.11
2024-11-08,12673.91,12216.81,12331.18,9808.27,15940.53,12924.05,8031.97
2024-11-11,12521.46,12138.18,12469.46,9781.14,16095.91,12785.49,8751.6
2024-11-12,12521.46,12259.65,12557.27,9629.73,16114.07,12939.04,8213.76
2024-11-13,12571.16,12564.22,12367.82,9667.59,16221.7,13005.41,8257.51
2024-11-14,12744.27,12410.47,12139.66,9581.15,16269.46,13057.1,7780.93
2024-11-15,12564.46,11889.94,11926.02,9715.53,16500.85,12693.43,8019.47
2024-11-18,12733.1,11836.54,12120.3,9764.11,16482.02,12716.67,8470.05
2024-11-19,12747.62,12007.31,12315.27,9652.45,16351.52,12778.77,8651.59
2024-11-20,12787.83,11905.79,12167.32,9659.39,16196.14,12708.42,8552.32
2024-11-21,12761.02,11641.71,11590.0,9810.16,16463.85,12653.56,8492.56
2024-11-22,12836.41,11567.77,11391.56,9789.35,16718.79,12780.13,8815.62
2024-11-25,13003.93,11821.87,11591.38,9827.83,16835.83,12834.99,8466.3
2024-11-26,13126.23,12198.04,11693.01,9826.56,16814.3,13116.95,8457.3
2024-11-27,13118.97,12073.63,11700.62,9882.52,16802.2,12963.71,8323.78
2024-11-29,13252.99,12199.8,11681.26,9857.72,16797.49,12978.12,8630.58
2024-12-02,13379.19,12365.28,11856.88,9844.36,16564.08,13208.59,8928.89
2024-12-03,13550.07,12525.49,11846.5,9689.2,16467.89,13215.33,8787.11
2024-12-04,13570.17,12802.48,12056.0,9569.0,16372.37,13405.96,8949.89
2024-12-05,13571.85,12942.73,11936.39,9508.59,16512.28,13565.33,9238.94
2024-12-06,13560.68,13323.01,12079.51,9495.23,16638.74,13594.44,9732.28
2024-12-09,13779.02,13267.84,12139.04,9513.68,16399.95,13669.53,9746.54
2024-12-10,13835.98,13206.22,12817.39,9490.14,16336.05,13587.09,10026.59
2024-12-11,13764.5,13512.55,13525.51,9325.44,16381.12,13760.56,10621.2
2024-12-12,13846.59,13436.85,13287.39,9300.0,16246.58,13778.02,10454.42
2024-12-13,13856.08,13348.24,13139.26,9324.16,16139.63,13707.84,10907.75
2024-12-16,14018.58,13669.24,13612.72,9148.01,16115.42,13840.24,11577.62
2024-12-17,14154.84,13564.78,13526.89,9310.81,16033.36,13928.2,11998.7
2024-12-18,13851.62,12940.97,13040.97,9205.24,15495.9,13405.04,11005.27
2024-12-19,13948.78,13103.53,13048.58,9130.84,15670.12,13394.01,10906.25
2024-12-20,14211.24,13199.18,13249.32,9187.44,15982.23,13380.83,10528.43
2024-12-23,14254.8,13207.4,13472.21,9238.31,16035.37,13339.45,10766.97
2024-12-24,14418.41,13441.55,13574.65,9275.2,16299.05,13464.5,11559.12
2024-12-26,14464.2,13324.18,13539.35,9258.03,16354.88,13427.11,11355.33
2024-12-27,14272.66,13130.52,13342.77,9224.32,16222.37,13194.8,10793.48
2024-12-30,14083.36,12986.75,13237.55,9115.57,16097.93,13020.1,10437.16
2024-12-31,13983.96,12874.66,13103.27,9196.98,16124.16,12918.05,10097.85
2025-01-02,13617.08,12923.37,13112.26,9158.82,16143.67,12828.55,9483.74
2025-01-03,13589.72,13156.34,13275.62,9169.63,16364.3,12974.74,10262.88
2025-01-06,13681.3,13357.04,13627.26,9135.93,16284.52,13112.66,10278.13
2025-01-07,13525.5,13034.28,13531.74,9299.36,16441.38,12944.71,9860.81
2025-01-08,13552.86,13035.45,13425.14,9047.53,16438.67,13011.83,9875.31
2025-01-10,13226.19,12848.25,13292.93,9034.18,16218.26,12839.89,9870.31
2025-01-13,13089.37,12820.08,13221.63,9187.44,16511.7,12785.95,10084.6
2025-01-14,13026.83,12779.01,13128.18,9205.24,16732.11,12739.37,9910.82
2025-01-15,13283.14,13107.05,13535.89,9219.24,17062.06,13065.46,10707.46
2025-01-16,12746.5,12949.19,13353.15,9397.3,17191.88,13012.44,10347.4
2025-01-17,12842.55,13259.04,13567.04,9350.24,17522.51,13148.82,10664.46
2025-01-21,12432.67,13538.96,13708.94,9421.46,17784.17,13132.58,10603.69
2025-01-22,12499.12,13791.3,13731.09,9238.31,17771.32,13675.05,10379.65
2025-01-23,12489.63,13815.36,13704.09,9325.44,17981.59,13690.68,10311.39
2025-01-24,12440.49,13781.91,13858.45,9336.88,17906.55,13609.46,10166.36
2025-01-27,12835.85,13815.36,13277.01,9722.9,17974.83,13318.31,9930.57
2025-01-28,13304.92,13975.57,13518.58,9563.28,18062.06,13705.7,9954.07
2025-01-29,13366.35,13912.19,13526.2,9612.24,18024.19,13556.44,9729.28
2025-01-30,13267.51,13769.59,13904.14,9721.63,18135.75,12718.53,10008.83
2025-01-31,13178.72,13947.99,14122.18,9675.84,18072.87,12720.67,10116.85
2025-02-03,12732.54,13932.73,13929.05,9658.03,18039.74,12593.79,9593.76
2025-02-04,13000.03,14205.02,14285.54,9761.06,18116.15,12638.23,9807.05
2025-02-05,12981.6,13859.38,13243.78,9837.37,18284.5,12666.43,9455.98
2025-02-06,13023.48,14015.48,13262.47,9762.33,18721.95,12743.97,9359.72
2025-02-07,12711.32,13447.41,12829.16,9737.53,18647.58,12557.93,9042.16
2025-02-10,12726.41,13681.56,12907.37,9808.75,18325.74,12633.64,8769.86
2025-02-11,13004.26,13659.26,12827.77,9928.94,18592.82,12609.73,8214.01
2025-02-12,13241.84,13434.5,12709.41,9873.62,18623.92,12536.17,8414.29
2025-02-13,13502.35,13519.01,12884.53,10000.17,18682.74,12582.15,8900.13
2025-02-14,13673.98,13419.83,12821.54,9930.22,18700.99,12517.48,8897.63
2025-02-18,13666.71,13300.71,12720.48,9935.34,18928.17,12554.56,8854.37
2025-02-19,13689.07,13299.53,12824.31,10121.24,18880.85,12711.79,9015.65
2025-02-20,13742.74,13079.47,12775.17,10235.99,18039.07,12779.04,8861.62
2025-02-21,13727.09,12709.76,12435.99,10403.94,17865.98,12535.82,8446.55
2025-02-24,13813.74,12482.65,12407.61,10496.25,17669.9,12406.54,8264.77
2025-02-25,13810.38,12487.93,12142.5,10646.89,17403.51,12219.21,7571.39
2025-02-26,13436.95,12578.89,11956.3,10453.94,17497.49,12275.41,7271.33
2025-02-27,13265.88,12249.68,11663.5,10495.61,17515.07,12054.3,7050.04
2025-02-28,13519.68,12457.42,11786.71,10578.3,17893.7,12191.27,7325.84
2025-03-03,13306.69,12031.37,11560.36,10723.17,17621.22,11930.24,7117.55
2025-03-04,13189.3,11959.78,11831.01,10603.94,16920.08,11933.92,6802.25
2025-03-05,13178.67,12227.38,11976.37,10584.71,17006.62,12315.02,6978.78
2025-03-06,13155.75,11777.86,11930.0,10630.22,16669.23,12188.2,6587.46
2025-03-07,13364.83,11692.77,12034.51,10685.35,16381.2,12078.25,6567.95
2025-03-10,12716.91,11416.37,11494.67,10750.09,15701.02,11674.43,5554.77
2025-03-11,12345.71,11536.67,11367.86,10632.15,15492.77,11683.33,5765.56
2025-03-12,12129.93,11671.64,11580.61,10439.2,15408.93,11769.93,6203.39
2025-03-13,11721.83,11378.22,11279.15,10448.17,15225.7,11631.74,6018.1
2025-03-14,11934.82,11616.48,11468.34,10436.63,15715.89,11932.39,6250.65
2025-03-17,11963.33,11486.79,11385.18,10438.55,15816.64,11936.69,5951.34
2025-03-18,11890.1,11315.43,11134.32,10528.94,15886.95,11777.61,5633.78
2025-03-19,12032.65,11475.05,11357.46,10448.17,16166.87,11909.66,5897.58
2025-03-20,11968.92,11440.43,11281.93,10450.09,16160.11,11879.57,5907.58
2025-03-21,12202.04,11514.37,11364.39,10489.2,16337.26,12015.3,6218.89
2025-03-24,12339.56,11928.09,11620.11,10467.4,16772.01,12071.19,6961.03
2025-03-25,12508.39,12071.87,11819.69,10321.89,16979.58,12135.07,7204.82
2025-03-26,12384.29,11803.09,11438.54,10366.76,16972.81,11975.69,6802.75
2025-03-27,12513.98,11816.59,11243.12,10457.14,16776.06,11994.42,6829.5
2025-03-28,12181.36,11309.56,10694.96,10494.32,16419.74,11632.66,6589.96
2025-03-31,12417.83,11165.2,10716.44,10630.86,16585.39,11527.95,6480.19
2025-04-01,12477.09,11277.28,10884.84,9823.8,16474.51,11736.77,6712.73
2025-04-02,12516.22,11502.63,10882.76,9959.06,16620.55,11735.23,7070.3
2025-04-03,11359.02,10469.79,10444.79,10244.96,15462.35,11457.93,6683.23
2025-04-04,10531.09,10034.95,10089.98,9823.16,14305.17,11050.42,5986.85
2025-04-07,10144.24,10284.94,10169.67,9655.21,14588.17,10989.61,5833.32
2025-04-08,9638.87,10014.99,10027.61,9615.47,14753.48,10888.27,5547.52
2025-04-09,11116.4,11214.49,10998.49,9677.65,15941.95,11991.66,6806.25
2025-04-10,10645.13,10634.7,10590.32,9531.49,15450.1,11710.97,6311.16
2025-04-11,11077.26,10848.89,10889.69,9726.37,16068.48,11929.01,6308.91
2025-04-14,11321.56,10687.51,11023.44,9894.96,15967.8,11909.35,6309.91
2025-04-15,11300.32,10539.04,10832.17,9847.52,15859.64,11845.48,6353.91
2025-04-16,10860.36,10230.36,10625.66,9866.11,15620.17,11411.86,6039.86
2025-04-17,11011.86,10129.43,10475.28,10094.32,15780.04,11294.25,6035.36
2025-04-21,10798.31,9818.99,10233.43,10059.06,15578.0,11028.31,5688.54
2025-04-22,11166.15,10162.88,10496.76,10112.27,16026.99,11264.77,5950.34
2025-04-23,11437.84,10598.31,10765.65,9960.34,16386.86,11497.24,6269.65
2025-04-24,11648.6,10946.89,11037.99,9931.5,16642.65,11893.69,6488.94
2025-04-25,11699.47,11090.67,11223.71,9909.06,16568.5,12033.42,7125.06
2025-04-28,11747.55,11014.97,11130.16,9958.42,16546.05,12012.23,7148.31
2025-04-29,11807.36,10996.78,11098.98,9994.32,16641.29,12100.67,7302.09
2025-04-30,11879.48,10822.48,11004.73,10019.96,16641.29,12138.14,7055.29
2025-05-01,11925.32,11161.68,11177.98,9901.37,16795.72,13063.72,7014.29
2025-05-02,11479.77,11148.77,11367.16,10007.78,17178.04,13367.12,7181.57
2025-05-05,11118.63,10935.74,11379.64,9935.99,17181.44,13394.45,7007.79
2025-05-06,11097.39,10857.11,11311.72,9902.01,16956.27,13306.62,6885.01
2025-05-07,10971.05,11074.24,10490.53,10083.42,16965.79,13307.85,6906.77
2025-05-08,11040.37,11272.0,10691.5,9978.29,17243.35,13455.87,7121.81
2025-05-09,11098.51,11329.51,10585.47,9885.98,17216.82,13473.07,7457.87
2025-05-12,11799.34,12243.81,10981.17,9880.86,17690.98,13796.44,7960.96
2025-05-13,11919.13,12404.02,11055.32,9515.47,17892.35,13792.75,8353.28
2025-05-14,11885.54,12338.29,11460.02,9382.13,18071.27,13909.45,8693.59
2025-05-15,11836.28,12040.18,11362.31,9590.47,18197.12,13940.83,8572.07
2025-05-16,11825.65,12064.82,11516.85,9700.73,18201.88,13975.9,8751.1
2025-05-19,11686.82,12098.27,11541.1,9775.09,18019.56,14117.42,8553.82
2025-05-20,11579.35,11975.62,11363.7,9850.09,18073.98,14095.89,8597.08
2025-05-21,11312.34,11802.51,11681.09,9819.32,17758.33,13923.6,8367.03
2025-05-22,11271.48,11918.7,11841.17,9782.78,17733.16,13994.05,8527.56
2025-05-23,10930.58,11794.88,11674.85,9803.93,17735.88,13850.07,8485.06
2025-05-27,11207.1,12090.06,11981.85,9908.02,18047.45,14173.42,9073.91
2025-05-28,11218.86,12013.77,11944.43,9855.01,17925.0,14070.97,8924.14
2025-05-29,11192.55,12071.28,11909.78,9929.36,17984.87,14111.58,8962.39
2025-05-30,11242.93,12030.79,11901.46,10034.74,17959.7,14163.26,8663.09
2025-06-02,11290.51,12127.03,11713.66,10047.03,18004.59,14212.8,8568.82
2025-06-03,11378.39,12071.87,11516.16,9983.67,18114.12,14243.56,8608.33
2025-06-04,11353.2,12161.06,11645.75,9906.08,17974.66,14271.25,8302.77
2025-06-05,11230.61,12200.97,11656.83,9934.53,17820.24,14388.47,7118.81
2025-06-06,11414.78,12533.12,12035.9,10023.11,18077.39,14471.54,7379.85
2025-06-09,11276.51,12733.23,12217.69,10036.04,18146.1,14544.45,7715.91
2025-06-10,11344.8,12770.2,12391.84,10114.91,18272.63,14488.15,8153.74
2025-06-11,11127.06,12511.41,12305.11,10037.97,18242.02,14540.45,8162.25
2025-06-12,11150.57,12513.75,12190.63,10128.49,18248.14,14732.74,7979.21
2025-06-13,10996.63,12446.86,12119.16,10156.94,18024.32,14612.44,8134.24
2025-06-16,11106.9,12681.59,12264.87,10035.39,18392.36,14741.04,8229.76
2025-06-17,10951.29,12606.48,12207.97,9851.78,18335.22,14707.2,7910.2
2025-06-18,11003.91,12471.5,12025.5,9745.1,18637.27,14774.88,8052.73
2025-06-20,11251.32,12305.43,11562.02,9684.32,18708.02,14687.51,8055.48
2025-06-23,11279.31,12233.83,11461.41,9783.24,18930.47,14952.09,8718.6
2025-06-24,11212.14,12486.17,11571.04,9839.49,19133.88,15078.54,8513.31
2025-06-25,11282.67,12440.4,11842.32,9845.31,19324.36,15144.99,8190.25
2025-06-26,11251.32,12741.45,12040.76,9827.85,19643.42,15304.36,8145.99
2025-06-27,11255.8,13104.11,12386.98,9853.71,19531.85,15257.9,8092.23
2025-06-30,11484.75,12874.66,12227.4,9875.7,19722.33,15303.13,7942.96
2025-07-01,11633.08,12937.45,12200.34,10080.65,19756.35,15138.23,7519.13
2025-07-02,11891.7,12905.76,12394.61,10057.37,19864.51,15108.69,7892.7
2025-07-03,11953.83,13110.57,12456.36,10086.46,20233.64,15347.13,7885.2
2025-07-07,11752.32,13114.09,12266.25,10038.62,19958.16,15312.67,7349.85
2025-07-08,11755.67,12872.9,12097.65,10072.24,19329.96,15278.83,7446.62
2025-07-09,11818.93,13059.51,12254.46,10103.92,19355.94,15490.8,7398.36
2025-07-10,11890.02,13043.08,12323.84,10195.08,19699.77,15428.35,7748.17
2025-07-11,11820.05,13205.05,12502.16,10144.01,19608.86,15484.96,7839.19
2025-07-14,11677.87,13244.37,12597.21,10138.83,19734.64,15475.73,7923.95
2025-07-15,11705.3,13283.1,12627.74,10032.16,19587.67,15561.87,7770.92
2025-07-16,11764.07,13097.66,12695.04,10653.47,19537.77,15555.72,8043.22
2025-07-17,11756.24,13138.15,12737.37,10537.09,19816.66,15742.77,7986.71
2025-07-18,11821.17,13270.19,12840.05,10583.64,19910.31,15692.01,8242.76
2025-07-21,11893.94,13456.22,13189.74,10626.32,19889.8,15692.32,8213.76
2025-07-22,12001.41,13348.83,13275.78,10857.12,19921.25,15544.95,8304.27
2025-07-23,11987.42,13396.95,13198.76,10932.77,20285.59,15563.41,8315.52
2025-07-24,11965.59,13628.16,13333.37,10962.51,20271.24,15717.54,7633.9
2025-07-25,11972.3,13581.8,13403.44,10881.05,20412.74,15804.61,7902.95
2025-07-28,11981.82,13661.02,13361.82,10746.57,20389.49,15767.38,8141.24
2025-07-29,11826.21,13556.57,13581.76,10868.76,20304.73,15769.54,8031.47
2025-07-30,11701.94,13508.45,13635.88,10813.81,20481.78,15790.15,7977.46
2025-07-31,11619.09,13738.49,13314.63,10650.88,20250.05,16413.46,7708.16
2025-08-01,11328.57,12602.37,13122.44,10818.33,19780.44,16124.57,7567.14
2025-08-04,11382.87,12420.45,13532.5,11058.19,20114.7,16479.3,7732.92
2025-08-05,11358.8,12543.68,13506.83,11038.8,19917.15,16236.56,7719.42
2025-08-06,11937.04,13046.02,13605.35,11029.1,19915.78,16150.11,7999.22
2025-08-07,12316.56,13094.14,13635.18,11089.87,19614.33,16023.97,8058.23
2025-08-08,12838.27,13068.32,13975.16,11206.25,19738.74,16060.89,8242.76
2025-08-11,12731.23,12986.75,13946.02,11237.93,19793.42,16052.58,8477.3
2025-08-12,12869.65,12996.72,14108.38,11170.69,20018.32,16282.4,8522.56
2025-08-13,13075.88,13178.06,14012.63,11276.72,19859.73,16015.97,8486.06
2025-08-14,13045.05,13554.81,14080.63,11296.12,20107.87,16074.43,8391.04
2025-08-15,12978.36,13557.74,14147.23,11420.25,19856.99,16003.36,8265.52
2025-08-18,12939.14,13584.74,14119.48,11395.04,19928.08,15908.91,8380.54
2025-08-19,12920.64,13380.52,13985.57,11495.25,19868.62,15683.39,8234.26
2025-08-20,12665.66,13134.04,13829.46,11562.48,19976.62,15558.79,8098.98
2025-08-21,12603.46,13024.89,13859.29,11568.3,19923.99,15538.76,8004.22
2025-08-22,12763.73,13429.22,14299.18,11591.58,20250.05,15630.9,8501.81
2025-08-25,12730.11,13376.41,14465.7,11534.68,20158.45,15539.38,8666.59
2025-08-26,12850.59,13421.59,14372.03,11494.31,20409.32,15470.97,8793.36
2025-08-27,12916.72,13445.65,14395.62,11513.84,20457.85,15615.8,8741.6
2025-08-28,13032.72,13591.19,14684.26,11426.57,20580.21,15705.17,8651.09
2025-08-29,13009.19,13438.61,14772.37,11538.59,20604.14,15614.26,8348.28
2025-09-02,12873.57,13223.83,14664.14,11596.56,20486.56,15565.88,8235.51
2025-09-03,13363.92,13261.97,16003.93,11592.65,20473.57,15572.97,8353.78
2025-09-04,13437.34,13830.62,16117.71,11642.14,20768.19,15653.71,8464.8
2025-09-05,13432.29,13634.03,16305.05,11620.65,20122.9,15254.02,8772.61
2025-09-08,13330.86,13840.01,16252.96,11601.11,20022.42,15352.63,8661.59
2025-09-09,13133.04,13980.85,16641.17,11524.92,20360.1,15359.1,8675.84
2025-09-10,12709.37,13516.66,16609.22,11448.72,20543.98,15419.5,8696.34
2025-09-11,12890.94,13494.36,16692.55,11625.21,20887.13,15439.23,9221.94
2025-09-12,13117.35,13388.73,16722.42,11596.56,20979.42,15713.18,9900.32
2025-09-15,13264.73,13581.21,17473.12,11553.57,21115.44,15881.44,10252.88
2025-09-16,13345.99,13734.97,17441.87,11492.35,21135.27,15686.68,10542.43
2025-09-17,13393.06,13592.36,17328.67,11540.55,21310.26,15716.88,10648.45
2025-09-18,13330.86,13569.48,17502.29,11342.56,21411.43,15668.5,10423.16
2025-09-19,13757.89,13584.15,17689.09,11474.77,21517.38,15960.64,10653.7
2025-09-22,14350.79,13358.22,17537.01,11345.82,21357.43,15853.4,10857.24
2025-09-23,14258.32,12952.12,17476.59,11500.17,21377.93,15692.54,10648.2
2025-09-24,14139.52,12922.78,17162.7,11507.33,21424.42,15720.89,11071.78
2025-09-25,14395.06,12801.89,17068.95,11575.06,21426.47,15624.74,10586.69
2025-09-26,14316.05,12897.55,17121.03,11704.02,21604.88,15761.25,11012.02
2025-09-29,14258.32,13037.8,16948.11,11828.41,21579.59,15858.02,11082.28
2025-09-30,14269.53,12885.22,16882.14,12075.89,21561.81,15961.25,11120.04
2025-10-01,14315.49,12947.43,17007.14,12116.92,21239.17,16015.49,11488.61
2025-10-02,14409.63,13051.89,17062.0,12112.36,21023.16,15893.15,10902.0
2025-10-03,14459.51,12881.7,17038.39,12285.6,21192.69,15942.76,10747.72
2025-10-06,14384.98,12963.27,17391.17,12254.34,21237.33,16288.52,11333.33
2025-10-07,14373.21,13014.91,17066.86,12301.88,21134.99,16147.07,10829.24
2025-10-08,14461.75,13216.79,16987.7,12353.99,20883.58,16173.88,10969.26
2025-10-09,14236.47,13364.67,16773.11,12444.51,20986.62,16098.39,10890.5
2025-10-10,13745.0,12697.43,16428.66,12421.07,20667.9,15745.85,10339.15
2025-10-13,13878.93,12914.57,16955.06,12432.79,21154.22,15841.07,10899.5
2025-10-14,13885.1,12698.61,17045.33,12429.53,20749.64,15826.28,10732.97
2025-10-15,13973.08,12650.49,17432.84,12450.37,20997.61,15821.96,10880.74
2025-10-16,13867.16,12585.94,17462.7,12512.24,20506.48,15765.88,10720.72
2025-10-17,14138.4,12502.02,17590.48,12583.88,20439.17,15826.59,10984.76
2025-10-20,14696.0,12703.89,17816.18,12616.45,20768.87,15925.5,11187.8
2025-10-21,14725.7,13029.59,17393.26,12496.61,20406.88,15952.32,11067.03
2025-10-22,14483.61,12790.16,17478.67,12565.65,20202.19,16041.07,10976.26
2025-10-23,14546.93,12974.42,17575.2,12535.04,20231.73,16041.68,11226.56
2025-10-24,14728.5,13157.52,18050.21,12400.23,20636.99,16135.67,10844.99
2025-10-27,15064.18,13319.48,18699.52,12393.71,20891.83,16379.43,11312.57
2025-10-28,15074.83,13453.28,18574.52,12174.23,20974.94,16704.54,11515.86
2025-10-29,15114.06,13514.9,19067.58,12152.74,20985.25,16688.51,11539.87
2025-10-30,15209.33,13078.29,19547.45,12312.3,21255.19,16201.93,11004.52
2025-10-31,15151.61,14331.78,19527.31,12300.58,21370.59,15956.94,11416.09
2025-11-03,15077.63,14905.71,19703.01,12130.6,21249.01,15932.9,11711.4
2025-11-04,15133.11,14631.07,19273.83,12169.68,21242.14,15849.7,11108.54
2025-11-05,15138.72,14682.71,19743.98,12113.67,21409.06,15628.75,11553.87
2025-11-06,15117.98,14262.53,19774.53,12176.84,21528.58,15318.73,11149.79
2025-11-07,15045.13,14342.93,19363.42,12150.79,21582.84,15310.11,10739.97
2025-11-10,15113.57,14577.08,20146.07,12270.62,21766.93,15593.0,11132.79
2025-11-11,15440.04,14618.16,20230.1,12623.61,21679.7,15675.59,10992.52
2025-11-12,15340.19,14330.61,19910.65,12660.08,22008.72,15751.39,10766.97
2025-11-13,15311.02,13942.12,19345.36,12716.09,21257.94,15509.49,10051.59
2025-11-14,15280.73,13772.52,19195.36,12760.38,20854.74,15721.81,10110.6
2025-11-17,15003.06,13665.72,19793.28,12998.09,20632.18,15638.92,10224.87
2025-11-18,15001.94,13060.1,19741.89,13025.45,20566.24,15216.73,10033.09
2025-11-19,15064.76,13068.32,20334.26,13188.92,20831.38,15011.19,10101.6
2025-11-20,14935.19,12742.62,20100.93,13225.39,20495.49,14770.99,9882.56
2025-11-21,15229.12,12950.95,20809.96,13279.44,20470.76,14576.18,9779.04
2025-11-24,15477.62,13278.99,22123.86,13419.47,20469.39,14634.22,10446.42
2025-11-25,15536.52,13477.93,22461.37,13545.31,20812.84,14726.53,10486.92
2025-11-26,15569.05,13448.0,22219.01,13603.64,21131.56,14989.27,10666.46
2025-11-28,15641.98,13686.26,22234.98,13561.69,21505.22,15190.26,10756.22
2025-12-01,15880.38,13724.99,21867.62,13458.14,21219.48,15027.55,10755.47
2025-12-02,16053.71,13756.68,21931.5,13463.38,21148.04,15128.2,10732.97
2025-12-03,15939.28,13636.96,22196.78,13457.48,21439.97,14749.38,11170.55
2025-12-04,15745.75,13445.07,22057.2,13270.69,21712.67,14845.4,11365.33
2025-12-05,15638.05,13469.72,22310.67,13234.64,21639.86,14917.02,11377.09
2025-12-08,15588.13,13314.79,21800.61,13214.32,21651.53,15159.69,10991.51
2025-12-09,15548.3,13375.23,22034.1,13105.53,20641.8,15190.57,11131.29
2025-12-10,15638.05,13601.75,22251.61,13536.79,21301.21,14775.0,11288.32
2025-12-11,15595.98,13513.73,21710.97,13764.21,21800.59,14926.59,11174.3
2025-12-12,15610.0,13273.71,21492.77,13867.11,21878.89,14774.08,11476.1
2025-12-15,15376.09,13059.51,21418.41,14036.86,21981.93,14659.54,11884.93
2025-12-16,15404.14,13060.69,21303.75,13717.68,21674.88,14708.01,12249.25
2025-12-17,15248.75,12984.99,20619.27,13785.18,21635.73,14699.67,11683.64
2025-12-18,15268.39,13307.16,21018.15,13652.79,21499.73,14942.34,12086.47
2025-12-19,15351.41,13341.78,21344.76,13525.64,21788.91,15002.24,12032.21
2025-12-22,15199.95,13405.16,21526.82,13587.91,22192.8,14971.36,12220.49
2025-12-23,15277.92,13622.88,21844.39,13486.97,22387.88,15030.95,12141.23
2025-12-24,15359.26,13636.96,21826.32,13618.06,22610.43,15067.07,12137.23
2025-12-26,15336.26,13645.18,21786.02,13608.23,22523.89,15057.5,11881.93
2025-12-29,15356.46,13618.77,21789.49,13603.64,22238.14,15038.67,11493.11
2025-12-30,15318.31,13645.77,21809.65,13561.04,22215.47,15050.4,11362.83
2025-12-31,15249.87,13545.42,21750.58,13563.66,22133.04,14931.23,11245.06
